time,num_particles,cell_id,temperature,atm_pressure,humidity,wind_direction,wind_speed
AUT,20439.863506916197,161,6.489829129373474,764.21014,81.45179,9.682567127746132,1.802379983726607
WIN,28184.676739960694,161,3.1047869776409955,760.8379,83.96207,11.080388594311989,1.5453298231302606
AUT,23607.278145695367,220,6.272994849153791,767.4413,87.338486,14.632082413539367,1.2538631346578366
WIN,17658.382568290617,220,3.3866516474232613,760.8827,89.92241999999999,10.420304139678963,1.1470008448324416
AUT,17135.822555946124,238,6.765931159294191,762.60596,81.91995,11.342741795148434,2.314951449552779
WIN,19703.304137401163,238,3.026866791290828,760.9633,84.44859,11.129651475828354,1.387599290973218
AUT,20654.25661215425,386,4.421562689279225,760.96594,88.01009,10.527559055118115,1.3070866141732282
WIN,17119.3382128126,386,3.0642504831405577,759.8644,84.214714,10.709971444229717,1.4575701635466844
AUT,20625.13132146265,326,5.1365128652984655,761.18854,83.64560999999999,10.570326524671293,1.8956544240130675
WIN,21488.59808232649,326,2.930243748243889,760.5260000000001,84.38164,11.024062236583312,1.39984897443102
AUT,15354.879129875446,130,4.515291503420854,755.27563,89.23554,10.241389392433193,2.042862990468393
WIN,12052.984989608884,130,2.286252750854521,758.9406,88.367584,10.749833417975012,1.3006022165314202
AUT,26574.82697700505,241,6.21516705392196,763.8876,82.25928,10.225422642416476,2.0480730710680235
WIN,28068.81335434581,241,3.18061598547398,760.4965,83.76679,11.149702513503943,1.5009878150444802
AUT,28022.183673469386,222,4.795918367346938,756.7061,94.85714,14.183673469387756,1.2040816326530612
WIN,13463.359550561798,222,1.5906902086677368,763.36194,92.98876,7.434991974317818,1.1091492776886036
AUT,23543.78988471551,136,6.438452956489401,763.6948,81.54072,9.379695053923392,1.7939754555596876
WIN,31020.475310344827,136,2.906551724137931,761.09454,83.95393,10.759586206896554,1.560551724137931
AUT,15216.204879482657,206,7.3903166204753505,762.1523,81.44877,11.567943226673384,2.4170655916687664
WIN,18048.22649101488,206,2.631227818865131,761.1838,85.37881999999999,11.028094092273523,1.3413379901980511
AUT,21801.977535101403,135,6.390119604784192,763.7781,81.42132,9.381591263650542,1.8382735309412377
WIN,30841.446629213482,135,2.9590355805243447,761.05426,83.53027,10.93433988764045,1.5898876404494382
AUT,24876.894209354123,131,4.298440979955457,761.3246,88.21715,10.005567928730512,1.551224944320713
WIN,20640.74133539174,131,3.064685449633346,759.9073,84.5479,11.393052875337707,1.4778077962176766
AUT,16766.538443027308,320,4.880008422572495,762.8443,85.36755,9.545151004692576,1.7345987245818797
WIN,21102.590959007142,320,2.4416021060549085,760.8075,85.83066600000001,10.9455885671305,1.414810078977059
AUT,18323.467982170037,163,6.458143074581431,763.9556,81.297455,9.63301804740161,1.8448575777342904
WIN,25468.688662817338,163,3.06672165704335,760.9434,83.67607,10.966107597837043,1.5635047200073318
AUT,14127.500334543383,322,5.880774432343938,762.192,84.85904000000001,10.568068901701189,1.8979713858637624
WIN,16888.998251954155,322,2.915455328750395,760.1636,85.29366,10.957916726071296,1.4396676233395114
AUT,22252.733008109066,297,7.112577133072723,761.8076,81.71564000000001,11.323038154621525,2.168003101476432
WIN,23827.879096272653,297,2.9735307564714124,760.82367,84.430725,11.08265806568392,1.3875981693263864
AUT,19888.145282076886,211,5.627246630054919,763.0558,84.09629,11.246380429355966,1.935659011482776
WIN,21244.5871754138,211,3.2594470207571637,760.3918,84.028885,11.228603301054797,1.4126552114847737
AUT,32486.369230769233,194,3.7615384615384615,755.46765,95.66923,13.984615384615385,1.3384615384615384
WIN,12507.102040816326,194,1.680484693877551,763.0477,92.723854,7.272321428571429,1.083545918367347
AUT,16491.246620333714,299,7.651887041435735,760.8379,82.21422,11.241253922172369,2.031758599454561
WIN,19621.26713156161,299,2.965297605974083,761.4958,84.512985,11.10662383776265,1.3820466359177102
AUT,22482.044686527344,182,3.8308136949755447,763.4141,86.897285,9.571809693196975,1.5202312138728324
WIN,22343.11796635094,182,3.564357077981056,760.35046,83.15120999999999,11.408913974309067,1.5030708014359242
AUT,13121.19674039581,185,6.706706607229052,761.41156,85.12666,10.623030182571908,2.3718163491297317
WIN,18691.875702429454,185,2.602402293647201,760.2777,84.361595,10.729174588803382,1.2707590161460691
AUT,21564.23141891892,193,6.368806306306308,765.9193,86.05855600000001,13.278153153153156,1.4251126126126126
WIN,18119.804669169403,193,3.134913186297513,761.1364,89.115555,10.211403097137492,1.2197325199436884
AUT,27670.9448441247,137,6.13189448441247,762.31415,84.07674,10.489208633093526,1.729016786570743
WIN,22116.818510858324,137,2.286970010341262,762.0069,88.463806,9.01758014477766,1.3004136504653567
AUT,24690.90047095761,155,4.6,760.98676,88.10393,9.741601255886971,1.5846153846153843
WIN,21493.722872152568,155,3.0425569486138087,760.0602,84.195366,11.329220377891573,1.4926496556595443
AUT,22448.27715929313,231,3.728220833505773,760.52,86.67248000000001,9.915614782932582,1.6197078177378637
WIN,23541.88495176269,231,3.0786899287710763,760.66547,83.18899499999999,10.906342980795241,1.5082837435758722
AUT,23216.100110750733,261,2.6322284629380586,760.5438,87.06135,9.203860454077999,1.324697413179337
WIN,24397.096501099608,261,2.915988143310017,761.6394700000001,84.06235,10.899350529946966,1.3917929933729047
AUT,23206.48273092369,221,6.321285140562249,766.9857,87.785545,14.843373493975903,1.25140562248996
WIN,16967.23753072141,221,3.2021107416510053,761.1387,90.21844499999999,10.116235362151222,1.1473182015324563
AUT,36677.3,72,1.7818181818181815,767.62274,82.94546,12.127272727272727,1.5909090909090908
WIN,29566.374223602485,72,3.5760869565217392,760.24963,83.534935,11.3652950310559,1.377717391304348
AUT,17618.53370185628,323,6.189676026349724,762.2746,83.17424,10.568188406521458,1.8824858305260947
WIN,19966.573027927785,323,3.5251081881681765,761.1110000000001,83.07415999999999,11.314926919654287,1.492311630685212
AUT,18375.07149950348,151,3.2909632571996026,764.6183,86.09103,9.073816617014234,1.5508109897384972
WIN,18412.26435562806,151,4.302202283849918,760.68555,81.415375,11.522553017944537,1.5172512234910278
AUT,25097.139771283353,76,4.284625158831004,760.5532,89.01144000000001,9.927573062261754,1.4358322744599743
WIN,19638.725302866147,76,3.039791194720772,759.9046,84.85078399999999,11.171180931744313,1.4532650448143405
AUT,10204.330524572597,463,4.58979104768399,764.9244,88.611465,7.766402026204276,1.5663630607374217
WIN,13069.911387084449,463,2.6944975162399696,761.8435,88.59553000000001,10.076767290790984,0.9795949560565532
AUT,11239.555596229524,435,4.64519081175071,765.0947,88.453415,7.865104786309142,1.5442939507641622
WIN,15175.876873006155,435,2.7932845680404728,761.68384,88.74108000000001,10.165114555473208,0.9936841426868172
AUT,8096.186955373648,374,3.4314761024557696,764.58405,86.50171999999999,9.229601267494056,1.6561922365988908
WIN,9504.908405110122,374,4.3937077287704485,760.11707,81.0774,11.844138389502284,1.595829238684317
AUT,24884.56802325581,183,4.5124031007751935,762.5571,87.04244,10.6265503875969,1.5546511627906976
WIN,23046.61621264216,183,3.167627611742925,760.17444,84.18216,11.283271621264214,1.451811690029093
AUT,15621.913592723598,329,1.675341081354219,760.8299599999999,87.19025,8.79156139464376,1.232187973724103
WIN,15721.558447594702,329,3.1662561003950733,760.4589,84.24499499999999,10.93018824076226,1.3522658610271905
AUT,27681.351674641148,154,4.770334928229665,761.11676,88.10048,9.787081339712918,1.5263157894736843
WIN,26625.424919093846,154,2.9650485436893206,760.045,84.52427,11.263754045307445,1.48915857605178
AUT,23034.8838146407,132,4.551152899037385,762.47864,86.57936,9.816207745690619,1.5319006044325048
WIN,19832.8783317594,132,3.238653227205273,759.9717400000001,83.88013000000001,11.37982538978935,1.493437662612986
AUT,22758.074760244115,133,4.807105492589363,762.6856,85.92546,9.796861377506538,1.5590671316477769
WIN,19939.25487812546,133,3.254060738163603,759.99255,83.79611,11.35151845409008,1.4970972271707919
AUT,20579.94734738735,162,6.398141672494755,764.1266,81.49166,9.645119392546707,1.826755919672295
WIN,29143.863951411222,162,3.0883529832082885,760.9045,83.95184,11.056555912826008,1.5477313326187925
AUT,11274.551375404531,244,9.525,761.23517,81.81262,11.991990291262136,2.2274271844660194
WIN,12162.831902023747,244,2.8560973788365316,762.3892,84.719696,11.025203494884622,1.394518706593981
AUT,11030.29461871182,209,6.665133997981004,762.6162,83.265396,11.572643337680807,2.226739173685257
WIN,14093.823275437342,209,2.2203928970432103,760.84265,87.5544,10.859427239103734,1.4010297760722783
AUT,23111.143933337436,263,2.7573027489084314,760.45703,86.8572,9.379312465408029,1.3735317631141997
WIN,24363.830969100654,263,3.0178407345553566,760.42535,84.00424,10.948939281139124,1.3957490761048177
AUT,19845.89984988205,160,6.51211666309243,764.3102,81.40768,9.689470298091358,1.8027021230967188
WIN,27764.95458123426,160,3.133579974811083,760.8177,83.83832,11.100362090680099,1.5512437027707808
AUT,10912.835799219389,403,3.4284287918671144,764.6182,86.55341999999999,9.127802487065443,1.6285740219660525
WIN,14725.571533974087,403,4.336602689594789,760.19165,81.27350600000001,11.783396129895426,1.5919272805973381
AUT,23901.74717789023,377,3.550797975866096,764.2868,85.33991999999999,9.475282210977033,1.6623199688594783
WIN,25481.314497195395,377,4.304805412594692,760.539,81.35219000000001,11.756942115306769,1.559579020412884
AUT,22796.580301060098,291,3.978136777378617,761.99146,84.859566,9.992726952152161,1.6631917660282547
WIN,24902.699518723657,291,3.1530664808936733,760.4749,83.72761,11.0363581951892,1.4219728895713648
AUT,16834.538471763746,210,6.437379533420477,762.72485,82.45922,11.162704654717858,2.2388063008175108
WIN,19299.29159429156,210,3.0977819533813284,760.88104,84.30359,11.164596465545808,1.406083514498691
AUT,13229.324568045708,375,3.4002202794795897,764.6629,86.56260999999999,9.100433675225444,1.612927651958422
WIN,16473.821653798106,375,4.331098267635948,760.2683,81.33163499999999,11.77851778269442,1.5888908956818832
AUT,18727.837859455343,202,4.902951818701201,761.3268400000001,85.43302,10.506379737192916,1.9577985145686536
WIN,19786.035518549743,202,2.665823496346262,761.1379,84.61030600000001,11.07346999718943,1.4551011804384486
AUT,21335.304054054053,413,4.396396396396397,760.74854,88.09009,10.808558558558559,1.2837837837837838
WIN,18260.085444660992,413,2.9982562314083494,760.0983,84.432144,10.834136834547133,1.4680480049235818
AUT,34661.5012605042,73,2.2642857142857142,767.2937,82.54621999999999,12.318067226890754,1.642016806722689
WIN,24026.917493523637,73,3.7080502468351337,760.13763,83.24887,11.494468612020789,1.4009156524430977
AUT,44850.32710280374,166,3.439252336448598,755.1196,96.009346,14.065420560747665,1.3925233644859814
WIN,13732.520424836599,166,1.718137254901961,762.90314,92.60784,7.205882352941178,1.071078431372549
AUT,15881.159160084066,354,5.967606348286108,760.5563,83.25208,11.316236683817667,2.043028480324661
WIN,17725.6987155025,354,2.7817231957503967,760.5636599999999,84.67483,10.936687171815851,1.406093540114788
AUT,21476.21682129891,190,6.417708753529649,764.365,81.76382,9.911456232351757,1.7688584106494554
WIN,28102.307199448842,190,3.1711333103685844,760.8009,84.6742,11.031898036513953,1.4881846365828453
AUT,74955.53846153848,138,4.384615384615385,756.3692,95.53846,14.692307692307693,1.3076923076923077
WIN,20018.43010752688,138,1.6451612903225807,763.11505,92.80645,7.344086021505376,1.0860215053763442
AUT,15976.215575885524,207,7.05308133105459,762.3161,81.75152,11.361381991220133,2.3395998793606108
WIN,18912.47880201781,207,2.9047525986002367,761.0613400000001,84.74686,11.119920362521526,1.366069792722698
AUT,12206.7033957775,293,4.002085185160432,761.01263,87.66579399999999,9.440228033710492,1.5548263348192506
WIN,14022.914635122663,293,2.030278678644204,760.439,87.12978000000001,10.623645616351242,1.356635856783134
AUT,18151.68986327391,239,6.593818635113478,762.64453,82.27011,11.438631551870833,2.2350066285442924
WIN,20918.340084338233,239,3.1657110964533968,760.7561599999999,84.100494,11.167340357760978,1.3943122431376531
AUT,20391.398074614463,324,6.078138947886847,761.8497,82.94939000000001,10.738564656631882,1.9869101486748544
WIN,20785.784988685697,324,3.219892843561389,760.828,83.61030600000001,11.122774320106327,1.4700782776654506
AUT,20330.5289737096,232,5.7970634346357945,760.77216,83.65144000000001,10.853171731789676,2.033435841775205
WIN,21454.99292153665,232,2.66838814895352,761.4353,84.9333,10.64500090604331,1.3626494971459635
AUT,31000.22238640561,101,2.949021056520133,765.6010000000001,84.2041,11.608422608053196,1.6422238640561506
WIN,24442.385583123658,101,3.5486894506190327,760.0946700000001,83.534645,11.422050222451801,1.4074283905153884
AUT,22341.4344025895,325,6.06276183840326,761.33746,82.59297,10.960628323969624,2.079510676391988
WIN,22169.65055851985,325,2.8900194125682765,760.6105,84.40699000000001,10.97089422002218,1.4160477231083641
AUT,11239.555596229524,434,4.64519081175071,765.0947,88.453415,7.865104786309142,1.5442939507641622
WIN,15175.876873006155,434,2.7932845680404728,761.68384,88.74108000000001,10.165114555473208,0.9936841426868172
AUT,14930.419147758716,191,6.489097952407305,764.1331,81.398674,10.006198118428337,1.8361925843940232
WIN,20474.989203557252,191,3.1402553079775535,760.8834,84.17022,10.902667935549502,1.5190496505102875
AUT,21309.3353506232,298,7.332927389991426,761.6556,81.73921999999999,11.047097712219307,2.1204781846876517
WIN,24477.52040879777,298,2.97995540710999,761.31256,84.228546,11.139805816618402,1.4290822037060067
AUT,11274.551375404531,245,9.525,761.23517,81.81262,11.991990291262136,2.2274271844660194
WIN,12162.831902023747,245,2.8560973788365316,762.3892,84.719696,11.025203494884622,1.394518706593981
AUT,14201.997310751272,273,9.593465697774217,761.21655,81.70069000000001,11.993934885849974,2.2321336613835325
WIN,13992.212470582012,273,2.8507285083428084,762.46295,84.64569,11.063013988417909,1.4207367057143612
AUT,29358.890997174,147,2.9944489301574486,764.92975,86.09416999999999,9.276544206701654,1.5265442067016552
WIN,32963.073471460004,147,4.224113338007398,760.3157,81.74573000000001,11.466044532553248,1.4908855740637768
AUT,36740.66666666666,223,4.0,755.8333,95.666664,14.333333333333336,1.3333333333333333
WIN,17225.5,223,1.4193548387096775,763.84033,93.40323000000001,7.064516129032258,1.1451612903225807
AUT,28158.126347802045,148,3.1985070500414707,764.82117,85.993645,9.220486591097595,1.5792092894664087
WIN,31053.099639735807,148,4.298335445993729,760.5972,81.5143,11.426379344852894,1.5023850823937557
AUT,16228.738507462687,356,2.2406965174129354,760.53656,87.478806,9.320746268656716,1.260547263681592
WIN,17021.04460976298,356,3.0626045541319797,760.2191,84.412704,10.98984471866328,1.3681223881967814
AUT,21594.10357327809,316,4.3754531330916615,764.9255400000001,82.35655,11.619368203003626,1.530036250647333
WIN,18378.1223814774,316,3.128560271958839,760.1538,84.80175,11.124816244027931,1.3784683939728042
AUT,31242.538167355055,146,2.9004130335016063,765.0145,86.085205,9.271225332721432,1.5095609606853295
WIN,34508.31155261221,146,4.17948859455482,760.1838,81.89831,11.47238778513613,1.4847866077998528
AUT,16734.878805575023,157,4.599236938410028,758.2254,87.59305,10.505255781359496,2.0364011523787275
WIN,14024.470880563198,157,2.443020064223161,759.08636,87.73643,10.82556541907346,1.3126798201247278
AUT,20925.038243602663,270,8.67787818214858,762.0016,80.726295,11.420762228866902,2.2943683610592567
WIN,25283.724919464294,270,2.888263862770428,762.0063,84.167755,11.156443674063413,1.5217405523850016
AUT,12417.19420380181,321,4.672452477407292,762.1394700000001,86.90954,9.75437831100031,1.742785914615145
WIN,15407.490540895233,321,2.357669244281128,759.8897,86.628334,10.737096785048491,1.4140873696891385
AUT,23514.67102137767,127,4.524346793349169,760.9846,88.10155,9.604513064133016,1.5795724465558194
WIN,18873.015056938002,127,3.068030366933783,760.052,84.07925,11.36676507802615,1.488359342049768
AUT,17587.893379934212,204,6.9974506578947375,761.2499,82.11525999999999,11.543852796052633,2.3021792763157896
WIN,19129.520655905533,204,2.486024940649022,760.9549,85.63848,10.86387665587023,1.3350484074521882
AUT,18255.379492343483,176,6.717247126636343,762.52545,82.22671,11.32702524393208,2.261918816625577
WIN,22583.628204618097,176,3.0477658854891976,761.21295,84.31903,11.31693391159034,1.4096871311290602
AUT,26933.303676986274,149,3.1988778679491032,764.84686,85.82887,9.273018735597637,1.571385632702134
WIN,29934.302653665764,149,4.353505307331523,760.6571,81.2694,11.47201925450506,1.502011848926191
AUT,18015.10947549597,178,4.934278467252469,763.75275,84.43066,10.13135247757949,1.8954162514720536
WIN,20297.253366483,178,3.587730143797877,761.0948,82.95684,11.446431931192045,1.4573914796398333
AUT,16177.546589143401,179,5.289358929376974,763.4939,84.14962,10.198586537015688,1.958448198085309
WIN,16874.409600593088,179,3.4040790164643377,761.159,83.42275,11.464901306644428,1.4535801439471163
AUT,15709.072038852417,174,6.53808795755014,762.6738,83.2145,11.089666336900802,2.3728752585664177
WIN,18099.546788873216,174,2.4187764389180875,761.5004,85.7956,11.281406229970514,1.4029451352390718
AUT,12656.288150314122,411,5.97475463941403,760.7316,83.21068000000001,11.32387597348079,2.0766046148055928
WIN,15304.476359636215,411,2.670527318843626,760.5927,85.15358,10.924342427936828,1.394312019170135
AUT,21281.883764812443,376,3.459581855234357,764.51984,85.964676,9.259113895388333,1.6116688051928447
WIN,24105.74707816238,376,4.280702962287211,760.47974,81.48569,11.733196206344562,1.57282647985266
AUT,31579.054850088185,118,2.8472663139329817,765.0507,86.10316999999999,9.289065255731922,1.505114638447972
WIN,35017.951598173524,118,4.167250716788788,760.1218,81.941826,11.489349049591164,1.4827227354783898
AUT,22197.03389462249,289,2.6482889733840302,762.12354,85.6308,9.738348723519826,1.2915263443780554
WIN,22035.393713542635,289,3.1315103102359285,760.2878,84.35145,11.028400520156048,1.3402043470183913
AUT,9973.381099068925,208,6.813888912992545,762.4974,83.33348000000001,11.686748869779509,2.2397542583931345
WIN,13137.722007209197,208,2.0073857255260625,760.8281,88.30041999999999,10.78895285106154,1.3952077687139792
AUT,26163.41617819461,75,4.436107854630714,760.5885,88.76124,9.88042203985932,1.5005861664712778
WIN,21950.658666112857,75,3.0265531359401887,759.80786,84.78286,11.305850590399336,1.4673055242390078
AUT,16288.034072515376,180,4.859420524441567,763.6973,84.61978,9.954758821625123,1.8501133052767889
WIN,17322.154741721697,180,3.655245592611474,760.9780000000001,82.90226,11.54910073861548,1.478878916855371
AUT,17095.175483087474,351,7.8383398221238,762.29877,81.497055,11.313319284209022,2.085544879808551
WIN,21468.518948935194,351,3.6564384398137553,761.5,83.4585,11.37170826654454,1.4468074956110222
AUT,36561.250720461096,358,4.090778097982708,760.80225,88.6196,10.721181556195962,1.2953890489913544
WIN,22037.21600870564,358,3.0528988573846805,759.9628,84.081375,10.799286621123269,1.4734296596336376
AUT,24214.2628376734,104,3.9817473837916766,761.75195,88.13847,9.923825748357263,1.4726210756875149
WIN,19476.09751538949,104,3.2243351223443475,759.94244,83.96073,11.397331915842178,1.4882113890841748
AUT,22173.131800145067,290,3.8359858343644655,762.3379,84.67953,10.049537056790543,1.6349788795494304
WIN,23782.147307583877,290,3.1660972818786384,760.4227,83.91153,11.046053831738503,1.3827592497388017
AUT,23216.760084517868,378,3.983864771417595,765.1439,85.60334,9.330772185939301,1.5503265462927391
WIN,26595.632965431076,378,4.182476051645148,760.5835599999999,82.33309,11.623516243231983,1.4949500208246564
AUT,17778.983853083853,164,6.505058905058905,763.8666400000001,81.266525,9.637976437976436,1.8411642411642413
WIN,24101.199981604546,164,3.04148175400676,760.9536,83.684265,10.913058474556783,1.5630849180252475
AUT,11968.075011007486,412,5.93435536164592,760.7544,83.42841,11.256054116799424,2.0588400112076206
WIN,14971.567814673006,412,2.6471785276842805,760.5807,85.27325,10.903391939201637,1.3958934099742497
AUT,24619.60898313477,352,5.5897002708921955,761.2344400000001,83.47941999999999,10.600390317788587,1.9565698639713376
WIN,22880.88780067209,352,3.0391758047400077,760.62714,83.88674,10.936232460794717,1.4894322603466572
AUT,15829.407635847776,259,1.533830876457164,760.69727,87.54524,8.614506877197309,1.126565102078579
WIN,18923.670295058582,259,2.9683250299614707,760.2359,84.57854,11.015778057308124,1.2874617434109523
AUT,20298.95250595498,353,5.695396431870107,760.8374,83.533165,10.876363164973345,1.982532043491647
WIN,19605.96174324881,353,2.882177737247749,760.59033,84.34145,10.931557774901451,1.437117579572866
AUT,18675.44061749571,300,7.588747855917668,761.06177,82.92048,11.14559176672384,1.950531732418525
WIN,18573.703591353602,300,2.9523769118177383,761.5746,84.418594,11.120192613648417,1.3946670626418616
AUT,22682.123755334283,150,3.221468431994748,764.7616,85.88937,9.25385709596236,1.5539993434730277
WIN,25234.445135723658,150,4.364283105887445,760.68097,81.19031,11.518711876327146,1.5069586269391508
AUT,9215.03600066092,236,7.04860672388154,762.3533,83.179,11.894748607695822,2.286547377219668
WIN,12446.283003786863,236,1.7350920464140394,760.80334,89.19242,10.6633454076705,1.3813818814416328
AUT,22175.164921535958,269,7.307841057950221,762.10504,81.88168,11.308072751900337,2.13814306210289
WIN,23819.088780342143,269,3.050105015949108,760.8456,84.303345,11.121844729732725,1.4001480916554183
AUT,15829.407635847776,287,1.533830876457164,760.69727,87.54524,8.614506877197309,1.126565102078579
WIN,18923.670295058582,287,2.9683250299614707,760.2359,84.57854,11.015778057308124,1.2874617434109523
AUT,18687.844314282982,267,5.456689038642919,762.11115,83.59491,10.751534371283677,1.9687521358174884
WIN,21186.153290304308,267,3.1102879741547373,760.7972,84.096634,11.148765758740415,1.3955501865983402
AUT,42047.96296296296,109,5.185185185185184,757.2703,94.77778,14.629629629629632,1.1851851851851851
WIN,12547.832911392405,109,1.7215189873417722,762.9362,92.72152,7.440506329113924,1.0430379746835443
AUT,20385.3637324466,268,6.370982496044303,762.0591,82.89050999999999,11.18633183346519,2.0661033920094938
WIN,22239.72081208393,268,3.082185746220185,760.8099,84.27745999999999,11.150939549598096,1.3864416364616141
AUT,20681.08807543441,234,5.955982870789756,760.6821,83.2375,10.911018693897717,2.0706991682450795
WIN,23168.03106096096,234,2.656669450271911,760.6575,85.05660999999999,10.737275189930136,1.3673238690755036
AUT,31731.75,18,5.28125,757.0541400000001,93.25,8.963541666666666,0.6145833333333334
WIN,16552.609390609392,18,2.7802197802197797,757.3677,88.23176600000001,9.225274725274724,1.2682317682317683
AUT,20021.776210136493,296,6.315694504710799,761.9898,82.87031,10.992881170976489,2.026172544605457
WIN,21712.306802736548,296,3.1318761871819283,760.8562599999999,84.049934,11.164101890822606,1.4109877606119443
AUT,10204.330524572597,462,4.58979104768399,764.9244,88.611465,7.766402026204276,1.5663630607374217
WIN,13070.418122062141,462,2.6944624909236823,761.84357,88.595024,10.077807926013682,0.9797072648756068
AUT,21384.080609885645,230,3.677185527713554,760.5779,87.00343000000001,10.027869774417297,1.646691245391489
WIN,22993.61253682544,230,3.1257088364014103,760.684,82.97975,10.888306115150792,1.5158626091991212
AUT,27471.75472508591,242,6.459120847651776,763.76636,81.789375,10.151560710194731,2.1254295532646053
WIN,33690.405282204745,242,2.981661911058529,760.8394,83.37212,11.184250817732618,1.609576170923516
AUT,17366.847814563152,175,6.1211989783624885,762.9475,83.533226,10.864247506144283,2.230591296804973
WIN,20656.16509952375,175,2.8013595473602795,761.3397,84.87024,11.308307892701592,1.4154841861033094
AUT,20829.205873041003,156,4.787319930346684,762.9252299999999,85.729935,10.536567991135033,1.8883963906917842
WIN,24513.850246845854,156,3.2875359748720685,760.0260599999999,83.793205,11.383989960850322,1.4484629430638944
AUT,17108.97240778391,404,3.4217252396166136,764.69336,86.66715,8.903862910252686,1.5678187627069415
WIN,25856.33739023263,404,4.214851332614389,760.35065,81.69160500000001,11.653890001540596,1.5836080727160684
AUT,15668.287926584455,192,6.5012905075996565,764.38586,81.97993000000001,10.442691903259727,1.7861581110792468
WIN,19924.738408700632,192,3.1403221849701537,760.9159,84.93106999999999,10.821816992395126,1.4755362935099627
AUT,25731.926916646764,385,4.230952949605923,761.00714,88.374016,10.525435872940053,1.2928110819202292
WIN,19260.590277070907,385,3.0152073451273385,760.0515,84.29458000000001,10.856191852771726,1.4779829400867246
AUT,20084.033073929957,188,6.505558643690939,764.3055400000001,81.27154,9.699833240689273,1.8146192329071704
WIN,27870.45543852542,188,3.1685233947741542,760.7554,83.73161999999999,11.119404496657891,1.555195462831679
AUT,31968.77319587629,107,4.123711340206185,756.10205,95.68041,14.298969072164951,1.3402061855670102
WIN,12003.548507462689,107,1.7761194029850746,762.7704,92.4005,7.493781094527362,1.138059701492537
AUT,16546.123703642246,271,10.098149838214553,760.8838,80.27396,12.13490417323488,2.3617356674686802
WIN,20308.92587590211,271,2.8411482481957826,762.8269,84.696304,11.121598193766882,1.4658509051324438
AUT,19444.089798426747,203,5.005432645034415,761.31573,85.13218,10.46779744346116,1.9382251720747297
WIN,20168.15320559096,203,2.637679264695016,761.1556,84.70830500000001,11.079913827894524,1.4448038106714718
AUT,12391.783020770315,265,3.4997423315632634,760.34247,88.124344,9.209753310479265,1.4215455625014004
WIN,13809.116631207278,265,1.971179816818312,760.85657,87.03924,10.630643952539748,1.32954848379682
AUT,24746.192002643755,105,3.9117647058823533,761.93744,88.10211,9.901850627891607,1.4458030403172506
WIN,19190.178381354373,105,3.278399706368141,759.8975,83.78379,11.381836116718665,1.4912598641952652
AUT,31088.719198416627,74,3.2590301830776833,764.35205,85.21128,11.245423057892133,1.5940128649183571
WIN,23544.867984554483,74,3.515639798916871,760.0279,83.670265,11.461167642130315,1.4223595696626758
AUT,12825.272760128664,384,5.7688026311034015,760.8059,83.902054,11.15211970074813,1.9844591420000723
WIN,15792.091153660072,384,2.7293245759357267,760.4714,85.06647,10.903839669251859,1.417686815522878
AUT,86144.04054054055,20,5.144144144144144,756.8396,93.22523000000001,8.684684684684685,0.6126126126126126
WIN,23354.216802168023,20,2.706413730803974,757.3712,88.10795,8.85275519421861,1.226287262872629
AUT,25050.553830227745,407,5.454968944099378,767.7412,86.021736,9.379399585921325,1.1951345755693579
WIN,24534.11131646289,407,3.300540233153256,760.8527,89.55559000000001,10.621268126243958,1.0567244810918397
AUT,18156.174059045752,181,3.558136280957045,764.4939999999999,85.87561,9.303483979292011,1.5512802574506783
WIN,19208.5036598493,181,4.191011840688913,760.6776,81.72964,11.621887334050953,1.5195730175816289
AUT,33993.06060606061,195,2.9545454545454546,754.4424,96.166664,13.606060606060606,1.4242424242424243
WIN,12529.642052565709,195,1.702127659574468,762.96747,92.63705,7.1289111389236535,1.0638297872340423
AUT,13861.703715181566,383,5.989609158524137,760.7065,83.13329,11.373341111273152,2.0704025083855915
WIN,16235.890145867796,383,2.7047927989860145,760.59326,84.99580999999999,10.931573180949108,1.3959268727577392
AUT,37828.68,108,4.86,756.8580000000001,94.98,14.48,1.22
WIN,12128.944630872484,108,1.7298657718120805,762.9052,92.657715,7.434563758389262,1.070469798657718
AUT,25460.133813381337,103,4.375037503750376,760.9287,88.45035,9.982298229822982,1.5487548754875489
WIN,21718.31846079124,103,3.049673260332038,759.89856,84.59983000000001,11.402022253620627,1.4771944542564466
AUT,24094.998668656957,262,2.7560011296244,760.44574,86.96579,9.361479807963851,1.3733005204340984
WIN,24814.334215833478,262,3.0029584484581417,760.4568,84.0375,10.979264208104194,1.392105473573859
AUT,15971.322825613142,205,7.822424117282676,761.3371599999999,81.02519000000001,12.02408975153142,2.4887695872622566
WIN,18401.85965088139,205,2.4093241495186133,760.93744,86.000175,10.795674442360106,1.2996529816371438
AUT,14703.432007068235,294,4.105081750747602,761.4916,86.199814,9.875179618625966,1.6512194648335858
WIN,16698.591902972657,294,2.607912798215969,760.227,85.59962,10.810182989117491,1.3863182321877403
AUT,33718.3,167,2.85,754.3033,96.21667,13.533333333333333,1.4333333333333331
WIN,12134.603799185888,167,1.7259158751696064,762.89404,92.57259,7.134328358208956,1.056987788331072
AUT,20158.166763285026,134,6.329082125603866,763.7134,81.568306,9.496425120772948,1.870338164251208
WIN,29237.950083310192,134,2.9283532352124415,761.10144,83.75007,10.851360733129685,1.5812274368231047
AUT,24151.24087821829,317,4.747117359027009,764.79205,81.6773,11.461380508608437,1.6166482388248302
WIN,20230.62433797266,317,3.2467052592683827,760.23883,84.294586,11.105123783717207,1.3837141273555855
AUT,22866.56766730537,349,3.5441061670569867,764.2869,85.42985,9.43666169895678,1.645021645021645
WIN,25067.608797732646,349,4.29807643931644,760.53485,81.38951,11.751211658756645,1.5566251320666118
AUT,20729.464087061668,189,6.480048367593713,764.22437,81.40326999999999,9.699395405078596,1.8068923821039904
WIN,28242.696734943973,189,3.124299719887955,760.809,83.96849,11.089329481792717,1.5428921568627452
AUT,17234.361555547188,288,1.9502691714038325,761.32605,86.85122,9.088318337537176,1.1824342130030494
WIN,19206.12166355274,288,3.0170742326791333,760.23596,84.60177,11.024332710548217,1.3124066511245955
AUT,21508.678610206298,165,6.360477741585234,763.0989999999999,82.57112,9.859934853420196,1.8045602605863191
WIN,23810.669421487604,165,2.6433566433566438,761.4406,85.83726,10.034647171010807,1.4507310870947234
AUT,29961.341051314146,214,6.4643304130162695,763.6886,82.075096,10.003128911138925,2.078848560700876
WIN,35092.664098613255,214,2.9038520801232663,760.95105,83.614174,11.105701078582435,1.5966101694915251
AUT,27661.54777070064,219,5.515923566878982,768.14716,85.821655,12.828025477707007,1.2547770700636942
WIN,20599.387399463805,219,3.761394101876676,760.3338,89.44906,11.025469168900804,1.1126005361930296
AUT,77666.43,21,5.3,757.096,93.24,9.01,0.63
WIN,22924.419512195123,21,2.714146341463415,757.40314,88.02829,8.809756097560976,1.2282926829268292
AUT,38082.125,48,4.738636363636363,756.20905,93.14773000000001,7.465909090909091,0.5568181818181818
WIN,17235.961224489794,48,2.643877551020408,757.66327,88.56633000000001,8.927551020408162,1.2316326530612245
AUT,12180.712364587223,387,4.601419499439671,761.1229,87.66754,10.333955920806872,1.3208815838625327
WIN,14971.322941832374,387,3.08355788886824,759.7736,84.21670999999999,10.647532986433747,1.4491033265192343
AUT,17799.373275014408,350,6.941986234021632,763.0474,82.5402,10.810734750618789,1.9353066829417152
WIN,23014.57278391484,350,4.007039890519835,761.16534,82.49514,11.598423590870512,1.4818114230447856
AUT,14857.094410854696,382,6.090976184393539,760.6363,82.75344,11.479008771182833,2.099491895881234
WIN,16805.42544471934,382,2.7315788746216256,760.64624,84.794395,10.952120969191006,1.3882292775297516
AUT,21495.839314845023,379,5.451060358890701,767.8242,85.89967,9.44942903752039,1.1867862969004894
WIN,19745.041470522305,379,3.2196816857206905,760.8989,89.62654,10.70253306433535,1.0369872225958303
AUT,26652.690887031542,128,3.739687247236452,763.0207,86.49919,10.479374494472903,1.5810191426260447
WIN,25655.0752686548,128,3.3399738708191418,760.02905,83.797035,11.366639228509504,1.4279899410205483
AUT,14461.014586255258,414,4.550350631136045,761.0296599999999,87.77279,10.452173913043476,1.31164095371669
WIN,15578.59505274921,414,3.0678068829668352,759.8335599999999,84.25649,10.681989506979564,1.452601473568574
AUT,25050.553830227745,406,5.454968944099378,767.7412,86.021736,9.379399585921325,1.1951345755693579
WIN,24534.11131646289,406,3.300540233153256,760.8527,89.55559000000001,10.621268126243958,1.0567244810918397
AUT,22747.04119926576,348,3.4728737507648377,764.45886,85.71803,9.383846624515602,1.627065062206812
WIN,23427.265025854147,348,4.306225295262661,760.5298,81.40588000000001,11.763933173312314,1.5686478224005538
AUT,33962.78086419753,47,5.182098765432099,756.9111,93.21914,8.558641975308642,0.595679012345679
WIN,16911.29021990741,47,2.717303240740741,757.5016,88.38368,9.098668981481481,1.2540509259259258
AUT,14264.666917492916,264,3.4230147839943337,760.4119999999999,87.907845,9.32026823654391,1.4326310198300285
WIN,16033.324845197278,264,2.2244358016478176,760.61786,86.32836999999999,10.677823550483598,1.3530627910547055
AUT,15963.592625748335,355,4.4162423767694285,760.5158700000001,84.93177,10.624573378839589,1.7218709785710289
WIN,17725.076374631382,355,2.925627123072903,760.36365,84.5454,10.990723804546642,1.3777669939154131
AUT,19983.94638384053,233,6.254756702019932,760.8119,83.0675,11.100410382135053,2.1399030005862603
WIN,21614.27844370709,233,2.6197173794848605,761.35333,85.14875,10.624590322203648,1.34471369556049
AUT,21273.1780340043,301,9.758843072112565,761.1716299999999,81.43033,11.998632010943911,2.243502051983584
WIN,18432.12822836429,301,2.8376982328953333,762.6419,84.466064,11.154780244676033,1.484367920253738
AUT,12180.712364587223,415,4.601419499439671,761.1229,87.66754,10.333955920806872,1.3208815838625327
WIN,14971.322941832374,415,3.08355788886824,759.7736,84.21670999999999,10.647532986433747,1.4491033265192343
AUT,16918.080735778727,266,4.1929663443358,761.47217,85.04411999999999,9.960212846415645,1.6832964183458483
WIN,19227.70267296745,266,2.8604805148049213,760.78467,84.6677,10.995533724908674,1.3664737323105045
AUT,18269.424138085233,129,4.259178106694093,757.2821,88.44118,10.3746366766534,1.9346688726914996
WIN,14457.49870513849,129,2.461291938364288,759.1111,87.64554,10.844182714778777,1.3174839036763104
AUT,10634.15992812918,237,6.837855076071062,762.51184,83.12029,11.698788152204347,2.2642886033415266
WIN,13664.967037000268,237,2.055163461220266,760.8565,88.04279,10.795511773359447,1.3910900322800936
AUT,18193.423485321673,235,7.152977305850509,760.8165,81.536224,11.639079741828024,2.344211950864043
WIN,22934.513134808458,235,2.5504678818598303,760.6714,85.57008,10.66009113948728,1.310666244273321
AUT,20286.679906416397,240,6.176760070994459,763.1311,82.79414,11.140079599849406,2.0866992954337653
WIN,21879.51262562999,240,3.235429131421498,760.5553,83.98746,11.166391582422118,1.4105853399746529
AUT,15254.314192849404,272,9.608147345612137,761.2005,81.65798000000001,11.967973997833154,2.221495124593716
WIN,15195.73811166072,272,2.8452003231972878,762.55084,84.64896,11.091244112488422,1.4309954082336482
AUT,16160.817863604185,327,2.09163848029576,760.4809,87.2451,9.354283017383779,1.2607960355541572
WIN,18160.801913511452,327,3.053458726318937,760.25916,84.38743000000001,11.047614905819357,1.3464162431029327
AUT,14777.522156899931,158,4.444655161514635,754.9514,89.17049399999999,10.34547063657627,2.0771224476894874
WIN,11924.621941273184,158,2.279434148254045,758.9257,88.44696,10.725317038617957,1.2923228291847526
AUT,20958.19733023796,318,5.782522178923804,764.01245,82.08399,10.952906060857305,2.0440262001492413
WIN,22199.486447981708,318,3.3237006419839945,760.52075,83.4728,11.117579808284233,1.4619646469088032
AUT,8096.186955373648,402,3.4314761024557696,764.58405,86.50171999999999,9.229601267494056,1.6561922365988908
WIN,9504.908405110122,402,4.3937077287704485,760.11707,81.0774,11.844138389502284,1.595829238684317
AUT,31579.054850088185,119,2.8472663139329817,765.0507,86.10316999999999,9.289065255731922,1.505114638447972
WIN,35017.951598173524,119,4.167250716788788,760.1218,81.941826,11.489349049591164,1.4827227354783898
AUT,13603.347307923335,184,6.6292114891060985,761.45905,85.20215999999999,10.623095615136787,2.3378474307868733
WIN,19421.232968516702,184,2.7033405114003144,760.2757,84.34351,10.840651840755324,1.306007401457624
AUT,18678.38382629509,177,6.360574457172167,762.7760000000001,82.50412,11.149427252521797,2.1818772439733287
WIN,23069.428009996875,177,3.2977444548578574,761.14325,83.70045,11.366304279912525,1.4249734457981882
AUT,55572.707006369434,19,5.178343949044586,756.88916,93.23567,8.751592356687897,0.6082802547770699
WIN,19225.017235976185,19,2.7502350360388594,757.35876,88.21122,9.100282043246633,1.2519586336571609
AUT,25077.07640067912,186,2.9083191850594226,766.0401,83.24788000000001,12.154499151103563,1.735144312393888
WIN,24080.13652123664,186,3.664331118173938,760.03094,83.17358,11.23309737070211,1.362250794568044
AUT,17895.69205390012,260,1.9844412030284089,760.65546,87.35854,8.839688824060568,1.2045565048273943
WIN,20602.49167146925,260,2.9148234978150547,761.2325400000001,84.36328,10.94051129401364,1.3355975448039703
AUT,20500.19544159544,347,3.311680911680912,764.8032,86.59145,9.014529914529914,1.5638176638176635
WIN,22164.04524350805,347,4.3131824149082645,760.5179,81.52083,11.762639684928436,1.5790080368864268
AUT,14585.159570143103,213,6.7945034692107535,761.4684,84.8214,10.497262575888984,2.3513253469210755
WIN,19465.680255945168,213,2.40288607628826,760.3621,84.56455,10.635987604329118,1.2850000334656342
AUT,18496.482000542,295,5.211176311175758,762.1054,84.04871999999999,10.407370126817506,1.8315478593669632
WIN,20648.66699934537,295,3.2310958007361856,760.8313,83.716385,11.195866198770164,1.4329148020561688
AUT,15506.64153426718,328,1.8946131428034219,760.48755,87.27282,9.142427376139887,1.2486603365610605
WIN,16957.006060945394,328,3.0814728237286717,760.2665400000001,84.38859000000001,11.022844025139628,1.3323301745496283
AUT,14937.515969323369,292,3.814856162832088,761.06616,87.22466,9.380747823835874,1.5138416982170015
WIN,17320.07080206961,292,2.2795597304160222,760.66595,86.202034,10.745791091509632,1.3687362773736564
AUT,13018.85826129506,381,6.115968031316261,760.5744599999999,82.80100999999999,11.33175664655032,2.091339096395368
WIN,15804.635787000783,381,2.7280344557556773,760.68713,84.7733,10.921965544244324,1.3884494909945184
AUT,22074.016238512948,319,5.919225146198831,764.0633,82.0425,10.912750626566416,2.109596908939014
WIN,25148.587210866917,319,3.3539950022425837,760.61414,83.21924,11.190606779009421,1.4947651694752355
AUT,20755.871847871018,357,2.8168664737494837,760.94214,87.76312,9.54512884111892,1.2608515915667629
WIN,18170.23686501224,357,3.0712960073578923,760.188,84.25503,10.885870547079016,1.4351503605038842
AUT,33193.34212034384,100,2.4320916905444125,766.8262,83.42579,11.98567335243553,1.602865329512894
WIN,27600.9633725294,100,3.5582937202902176,760.2191,83.543304,11.292669502126596,1.372204153114836
AUT,14455.16122619795,410,6.0803515379786575,760.6722,82.64155600000001,11.501150868382506,2.123038292529818
WIN,16188.7670808249,410,2.7325477135903675,760.6247,84.83570999999999,10.979992314589472,1.3901114384526707
AUT,15062.550474404936,212,6.585247209941603,761.6432,84.96271,10.574961046857778,2.2853903548219563
WIN,20330.486921179152,212,2.8205457679655868,760.28125,84.25358,10.894456129807693,1.334016004554656
AUT,38813.73387096774,106,4.298387096774194,756.4121,95.57258,14.088709677419354,1.3306451612903225
WIN,14329.031216361682,106,1.900968783638321,762.33887,92.10979499999999,7.489773950484393,1.1367061356297097
AUT,28571.979553586647,102,3.6708127449309935,763.46265,86.00851999999999,10.853808144487989,1.6214005793150452
WIN,22747.64657884477,102,3.4091968195541207,759.9671599999999,83.81812,11.469659743062039,1.4400946518100801
AUT,32426.754237288136,46,5.3474576271186445,757.17285,93.245766,8.966101694915254,0.6101694915254238
WIN,16782.785541195477,46,2.7463651050080777,757.4376,88.311386,9.166397415185783,1.2629240710823908
